,B cells,T cells CD4,T cells CD8,NK cells,Monocytes,Neutrophils,Dendritic cells,Treg
BLOOD-DERIVED IMMUNE-CELL MIXTURE FROM DONOR 4,0.10912337705632132,0.13768185192264099,0.1360150148681865,0.14912746636322824,0.07967592242762593,0.11945776679393894,0.12401378807611445,0.14490481249194362
BLOOD-DERIVED IMMUNE-CELL MIXTURE FROM DONOR 7,0.07682425488180883,0.1365761195002977,0.14339632515309003,0.16282747710727197,0.09012151118599517,0.17453764152999088,0.10461980999507572,0.1110968606464697
BLOOD-DERIVED IMMUNE-CELL MIXTURE FROM DONOR 12,0.10831913256467897,0.1752943889842321,0.13218850966457985,0.15122358254171603,0.10736234318725678,0.06294717314060573,0.10826877522902516,0.15439609468790538
BLOOD-DERIVED IMMUNE-CELL MIXTURE FROM DONOR 2,0.07266169020921925,0.151075570490532,0.068012022936257,0.11513915902492536,0.09078751178178401,0.24091659915454863,0.10142658096568072,0.15998086543705295
BLOOD-DERIVED IMMUNE-CELL MIXTURE FROM DONOR 9,0.09333944792277976,0.13847879935625795,0.09923501625556704,0.160035877458587,0.1288478709347581,0.1416741073839518,0.11840686442173025,0.11998201626636808
BLOOD-DERIVED IMMUNE-CELL MIXTURE FROM DONOR 1,0.1414514661438305,0.18211750454051437,0.08083605042047148,0.12208883520911641,0.10182351751753921,0.10204918920675499,0.09749062108459619,0.17214281587717684
BLOOD-DERIVED IMMUNE-CELL MIXTURE FROM DONOR 6,0.09990380254174731,0.14355580786595795,0.10242361269628579,0.12058106822163656,0.1155414479125596,0.16653054751027935,0.10598099173798717,0.1454827215135462
BLOOD-DERIVED IMMUNE-CELL MIXTURE FROM DONOR 10,0.18463124129221012,0.17385986251130808,0.06325890100843795,0.08798495264294841,0.14065736503203283,0.06969951924856493,0.10114380197838026,0.17876435628611742
BLOOD-DERIVED IMMUNE-CELL MIXTURE FROM DONOR 5,0.11528517208619829,0.11516759474382247,0.1399764139851194,0.12998233988317515,0.11258089321155455,0.13486179959177147,0.12292769934062626,0.12921808715773236
