,Lymphocytes,Monocytes,Neutrophils
LIB222,0.7469680819382916,0.12014918782591191,0.13288273023579644
LIB272,0.44997042613997557,0.3659474967247641,0.18408207713526034
LIB341,0.8266222454173726,0.06806473937101254,0.10531301521161482
LIB259,0.35242381827125757,0.3495721275751361,0.2980040541536063
LIB315,0.6505592622551813,0.17752527583093106,0.1719154619138875
