,B cells memory,B cells naive,Dendritic cells activated,Dendritic cells resting,Eosinophils,Macrophages M0,Macrophages M1,Macrophages M2,Mast cells activated,Mast cells resting,Monocytes,NK cells activated,NK cells resting,Neutrophils,Plasma cells,T cells CD4 memory activated,T cells CD4 memory resting,T cells CD4 naive,T cells CD8,T cells follicular helper,T cells gamma delta,T cells regulatory (Tregs)
LIB222,0.1614387058086065,0,0,0,0,0.0,0.0,0.07525468873773417,0,0.00022451300002152428,0.31414654903031886,0,0.24632325883500739,0.35379753590789037,0,0.0,0.13571015383727522,0.16736496709300944,0.21127758628092783,0,0,0.04738794126377269
LIB272,0.224329938908327,0,0,0,0,0.0,0.0,0.20587491849122877,0,0.0,0.4570772983606924,0,0.3932404950693988,0.40955119793855627,0,0.010417383539414286,0.0,0.1573127121263737,0.1426072802365809,0,0,0.0
LIB341,0.13927283564756615,0,0,0,0,0.0,0.0,0.10092570018211801,0,0.0,0.26804706742725,0,0.22400173998176345,0.3514039039076195,0,0.0015597155356851349,0.11899382658207523,0.1993021741422563,0.1855599527946564,0,0,0.021922104428496264
LIB259,0.14428327115459694,0,0,0,0,0.02165201820894973,0.0,0.13977727184889235,0,0.0,0.4143105835140732,0,0.2034834372628713,0.4255309164085523,0,0.0,0.0,0.08475192078775122,0.2707972362011096,0,0,0.04117140650193831
LIB315,0.18352516855347437,0,0,0,0,0.007126116314382473,0.02318624964923893,0.04905895372094236,0,0.0,0.3257728603103909,0,0.17239621434416633,0.33712783834540666,0,0.0,0.06641319693547615,0.15326672150272888,0.15849557544230683,0,0,0.03851695814415704
