,B cells memory,B cells naive,Dendritic cells activated,Dendritic cells resting,Eosinophils,Macrophages M0,Macrophages M1,Macrophages M2,Mast cells activated,Mast cells resting,Monocytes,NK cells activated,NK cells resting,Neutrophils,Plasma cells,T cells CD4 memory activated,T cells CD4 memory resting,T cells CD4 naive,T cells CD8,T cells follicular helper,T cells gamma delta,T cells regulatory (Tregs)
LIB222,0.016518375464486007,0.0,0.00012047833265663112,0,0,0,0,0.03352495415559609,0,0.039485587927842805,0.12618218749167517,0.04442147523118924,0.034465971568449424,0.636781602983669,0.004917149046255652,0.0,0.10001878321793266,0.13298566811728227,0.1746239672060704,0,0,0.10511403738997623
LIB272,0.0,0.019176970129765682,0.0,0,0,0,0,0.022901927893124962,0,0.010529775783808247,0.046027213474801515,0.0,0.030684939848984058,0.375735382759117,0.003504401404093416,0.005859535586538637,0.0,0.014784362630613397,0.00017467601211223907,0,0,0.0
LIB341,0.0,0.10531323740385871,0.0,0,0,0,0,0.058669380451443744,0,0.05946935745109053,0.26680780033151846,0.10816619762668984,0.0,0.9386126614212628,0.005202659171847098,0.0,0.13253033065861397,0.3307999198656573,0.4588674477277459,0,0,0.18479398276898026
LIB259,0.004675085496895184,0.0,0.0,0,0,0,0,0.027323569365448993,0,2.9444765157195008e-05,0.1330101955096857,0.0,0.1223574248427965,0.8576338602880709,0.0,0.0,0.0,0.021154265719448572,0.08759406294828131,0,0,0.0
LIB315,0.013401630817967808,0.042319856296405715,0.0,0,0,0,0,0.04991872121724153,0,0.03618121990539953,0.25639882088705085,0.03311766535561062,0.005803806860682226,0.7093900426458642,0.0,0.0,0.21974002251435706,0.0,0.1262041726912142,0,0,0.0692278279474372
