,B cells memory,B cells naive,Dendritic cells activated,Dendritic cells resting,Eosinophils,Macrophages M0,Macrophages M1,Macrophages M2,Mast cells activated,Mast cells resting,Monocytes,NK cells activated,NK cells resting,Neutrophils,Plasma cells,T cells CD4 memory activated,T cells CD4 memory resting,T cells CD4 naive,T cells CD8,T cells follicular helper,T cells gamma delta,T cells regulatory (Tregs)
LIB222,0.01649109021267033,0.0,8.287823404800075e-05,0,0,0,0,0.033550415398282685,0,0.03974657759291387,0.12581416850928068,0.04487407700025165,0.03428438288068731,0.6368778342578427,0.004928422685990286,0.0,0.10232377857586723,0.13260908690948556,0.1745743456665025,0,0,0.10456506351638208
LIB272,0.0,0.019202154567983337,0.0,0,0,0,0,0.022881405904397262,0,0.010371728152491889,0.04609419419300744,0.0,0.030921691357522055,0.3757175609906785,0.0034976242899597367,0.005898370868633489,0.0,0.014845473303172013,0.00036284420856103603,0,0,0.0
LIB341,0.0,0.10561169257796942,0.0,0,0,0,0,0.05840937088800444,0,0.058707986160763635,0.26401598279257643,0.10462032725955288,0.0,0.9422889404856446,0.006264078167166893,0.0,0.16763068680099882,0.29117239844443016,0.4114786367499829,0,0,0.17618728846661838
LIB259,0.004738792052855984,0.0,0.0,0,0,0,0,0.027387903774760757,0,0.0,0.13201586036886992,0.0,0.12308761393654877,0.8578097165061501,0.0,0.0,0.0,0.020740724082003878,0.08756520899819888,0,0,0.0
LIB315,0.014987016847747106,0.04080823009839607,0.0,0,0,0,0,0.049789591974492474,0,0.03621801237937299,0.2572628030192739,0.03239865131551491,0.006480431679769178,0.7095873445289533,0.0,0.0,0.21731591044951495,0.0,0.12465422604046646,0,0,0.06814241139731617
