,B cells naive,B cells memory,Plasma cells,T cells CD8,T cells CD4 naive,T cells CD4 memory resting,T cells CD4 memory activated,T cells follicular helper,T cells regulatory (Tregs),T cells gamma delta,NK cells resting,NK cells activated,Monocytes,Macrophages M0,Macrophages M1,Macrophages M2,Dendritic cells resting,Dendritic cells activated,Mast cells resting,Mast cells activated,Eosinophils,Neutrophils
LIB222,0.0,0.0136834335652006,0.0,0.0225839723411079,0.0930541381972529,0,0,0.0273843002929125,0.126326463327073,0,0.0531338052760594,0.0,0.018949370737556,0,0,0,0,0,0,0,0,0.618564055556168
LIB272,0.0091758429017696,0.0,0.0025786986160918,0.0,0.0,0,0,0.0,0.0,0,0.0075204948952665,0.0,0.0383659831716112,0,0,0,0,0,0,0,0,0.405206729498945
LIB341,0.0607169426122558,0.0181709121639786,0.0,0.144110647178217,0.217079982835738,0,0,0.0644626414102544,0.260683546782963,0,0.0546987546957654,0.0,0.0474753803051753,0,0,0,0,0,0,0,0,0.877502271251848
LIB259,0.0,0.0059428570317698,0.0035173048713856,0.016740588195291,0.0,0,0,0.0,0.0544095410295942,0,0.0341626944671858,0.0236304920801528,0.0451520999665732,0,0,0,0,0,0,0,0,1.13009369094925
LIB315,0.024936428609774,0.0190804198683778,0.0,0.12575170112758,0.018582355974333,0,0,0.0,0.100588673340464,0,0.0064463392032387,0.0161777490387897,0.0324201083848376,0,0,0,0,0,0,0,0,0.980198035915218
