Mixture,B cells naive,B cells memory,Plasma cells,T cells CD8,T cells CD4 naive,T cells CD4 memory resting,T cells CD4 memory activated,T cells follicular helper,T cells regulatory (Tregs),T cells gamma delta,NK cells resting,NK cells activated,Monocytes,Macrophages M0,Macrophages M1,Macrophages M2,Dendritic cells resting,Dendritic cells activated,Mast cells resting,Mast cells activated,Eosinophils,Neutrophils,P-value,Correlation,RMSE
LIB222,0.000850073255529588,0.0186974549589506,0,0.114006575310265,0.0872272364230623,0.0714443822766304,0,0,0.0783321161733154,0,0.0255347384254642,0.02615885764021,0.0994508981385071,0,0,0.038644647753765,0,0,0.0241568214955242,0,0,0.415496198148777,0,0.696970971887703,0.72123039840632
LIB272,0.0359668190015929,0.0231551993680009,0.0185077150319864,0.00783600822298434,0.0523801163580437,0,0,0,0.0226867359822066,0,0,0.0292112780995792,0.00537732420292054,0.0310815090289327,0,0.0960801394545016,0,0,0.0418738176337038,0,0,0.635843337615547,0,0.428397782622375,0.976670101133662
LIB341,0.0376328055155132,0.0338241250617569,0,0.149361213568143,0.0632202381369442,0.0286453465683981,0,0.019073221746476,0.113898196779601,0,0,0.0430846023613081,0.0166333210170648,0,0,0.0713092278420859,0.00450466721104434,0,0.0457851859013416,0,0,0.373027848290323,0,0.705657437099864,0.722453327009487
LIB259,0,0.00661375282162094,0.00120204866134801,0.0928356894294487,0,0,0.00691474902165191,0,0.0294563964092446,0,0.10780461181561,0,0.109367773855439,0,0,0.0345040141833021,0,0,0.00758429309256595,0,0,0.603716670709769,0,0.676098816803426,0.748639368469529
LIB315,0.0292324760159745,0.00824297371102024,0,0.109702630288125,0.0178158047594602,0.0733890604105176,0,0,0.0551914174481228,0,0,0.0275726025203637,0.164707319902045,0,0,0.0239847447890732,0,0.000422980612084406,0.026390764017153,0,0,0.46334722552606,0,0.810956869325366,0.601948557861793
