,B cells memory,B cells naive,Dendritic cells activated,Dendritic cells resting,Eosinophils,Macrophages M0,Macrophages M1,Macrophages M2,Mast cells activated,Mast cells resting,Monocytes,NK cells activated,NK cells resting,Neutrophils,Plasma cells,T cells CD4 memory activated,T cells CD4 memory resting,T cells CD4 naive,T cells CD8,T cells follicular helper,T cells gamma delta,T cells regulatory (Tregs)
LIB222,-0.0,0,0,0,0.012925935069265324,0.0,-0.0,0.07071104582544976,0,0,0.24183915132471057,0.0,0.10459979463366738,0.2788284073648892,0,0,0.08726407522086756,0.13725997142235732,0.1411128143754828,0.0,0.0,0.016679063573452838
LIB272,0.0,0,0,0,0.0,0.0,0.0,0.13258698696420784,0,0,0.32996293146015304,-0.0,0.16193707911440544,0.32813235411163755,0,0,0.0,0.06961802943063675,0.06131416657768723,0.0,0.0,0.0
LIB341,0.0,0,0,0,0.0081943051979848,-0.0,-0.0,0.07242615229948869,0,0,0.2417336133667297,0.0,0.10038041447543804,0.26441837421197045,0,0,0.07306995886972616,0.16269674763591194,0.1534439846654532,0.0,0.005940882684323918,0.0
LIB259,0.0,0,0,0,0.0,0.0070892677080600834,0.0,0.09708181812984772,0,0,0.32306801886616865,0.005133484889494356,0.1493003230890111,0.35603343228843265,0,0,0.0127961866840181,0.054473803730846225,0.13879288745970106,-0.0,0.06120585866998975,0.003966270172205651
LIB315,0.0,0,0,0,0.0,0.0,0.0,0.07110797521484798,0,0,0.26116785050508295,-0.0,0.10469064824625178,0.2655653769767559,0,0,0.027877112497343925,0.10847593984490117,0.1311923538470227,0.0,0.057304119618468895,0.0
