,B cells memory,B cells naive,Dendritic cells activated,Dendritic cells resting,Eosinophils,Macrophages M0,Macrophages M1,Macrophages M2,Mast cells activated,Mast cells resting,Monocytes,NK cells activated,NK cells resting,Neutrophils,Plasma cells,T cells CD4 memory activated,T cells CD4 memory resting,T cells CD4 naive,T cells CD8,T cells follicular helper,T cells gamma delta,T cells regulatory (Tregs)
LIB222,0.29883063251019565,0.0,0.0,0,0,0,0,0.10950689706276513,0.0,0.07015758468713473,0.13987356771272816,0.14852710031444893,0.0,0.7205646376125657,0.006409411012427066,0,0.0,0.0,0.36593594478545627,0.011635650489132746,0.0,0.3378077929660423
LIB272,0.12691160504347568,0.0,0.032205956809035284,0,0,0,0,0.0,0.007652244658673402,0.012230965725888991,0.7405186661534465,0.0,0.09175277159037255,0.6499537548434012,0.02494559882134197,0,0.0,0.0,0.04759432832623011,0.0,0.007334795324902353,0.023532843955216553
LIB341,1.082522491413683,0.0,0.0,0,0,0,0,0.2365023011460953,0.0,0.04725447725345793,0.12293917500656178,0.0649473666922587,0.0002996709963069938,1.1467442206267675,0.1277545716499288,0,0.0,0.19033271125047316,0.728951823828946,0.045007357866459756,0.0,0.4177031560785256
LIB259,0.09301749017029443,0.0,0.023136096118734923,0,0,0,0,0.11552698901180404,0.0,0.06517589278542828,0.45136960677585364,0.05186253410055238,0.10256817135691272,1.2669516842883783,0.0,0,0.0,0.0,0.25269936637692725,0.0,0.0,0.05258143860408645
LIB315,0.2042928893365166,0.028271195843376822,0.004125177318107007,0,0,0,0,0.3077444803017931,0.0,0.11096192734728326,0.09059953955682648,0.1573975427469749,0.0,1.039718056637336,0.02802453000577332,0,0.011499962224540515,0.0,0.4411300196545617,0.04460497164422537,0.0,0.1320044932686111
